Date,Height,Weight,Age,Sex,Machine,Measurement,ErrorDelta,LowerLimit,UpperLimit,SampleSize,PassFail
2026-03-01,,NaN,NaN,,,NaN,-1,NaN,NaN,20,
2026-03-02,NaN,NaN,NaN,,,NaN,NaN,NaN,NaN,NaN,
2026-03-03,NaN,NaN,NaN,,,NaN,NaN,NaN,NaN,NaN,
2026-03-04,NaN,NaN,NaN,,,NaN,NaN,NaN,NaN,NaN,
2026-03-05,NaN,NaN,NaN,,,NaN,NaN,NaN,NaN,NaN,
2026-03-06,NaN,NaN,NaN,,,NaN,NaN,NaN,NaN,NaN,
2026-03-07,NaN,NaN,NaN,,,NaN,NaN,NaN,NaN,NaN,
2026-03-08,NaN,NaN,NaN,,,NaN,NaN,NaN,NaN,NaN,
2026-03-09,NaN,NaN,NaN,,,NaN,NaN,NaN,NaN,NaN,
2026-03-10,NaN,NaN,NaN,,,NaN,NaN,NaN,NaN,NaN,
2026-03-11,NaN,NaN,NaN,,,NaN,NaN,NaN,NaN,NaN,
2026-03-12,NaN,NaN,NaN,,,NaN,NaN,NaN,NaN,NaN,
2026-03-13,NaN,NaN,NaN,,,NaN,NaN,NaN,NaN,NaN,
2026-03-14,NaN,NaN,NaN,,,NaN,NaN,NaN,NaN,NaN,
2026-03-15,NaN,NaN,NaN,,,NaN,NaN,NaN,NaN,NaN,
2026-03-16,NaN,NaN,NaN,,,NaN,NaN,NaN,NaN,NaN,
2026-03-17,NaN,NaN,NaN,,,NaN,NaN,NaN,NaN,NaN,
2026-03-18,NaN,NaN,NaN,,,NaN,NaN,NaN,NaN,NaN,
2026-03-19,NaN,NaN,NaN,,,NaN,NaN,NaN,NaN,NaN,
2026-03-20,NaN,NaN,NaN,,,NaN,NaN,NaN,NaN,NaN,
2026-03-21,NaN,NaN,NaN,,,NaN,NaN,NaN,NaN,NaN,
2026-03-22,NaN,NaN,NaN,,,NaN,NaN,NaN,NaN,NaN,
2026-03-23,NaN,NaN,NaN,,,NaN,NaN,NaN,NaN,NaN,
2026-03-24,NaN,NaN,NaN,,,NaN,NaN,NaN,NaN,NaN,
2026-03-25,NaN,NaN,NaN,,,NaN,NaN,NaN,NaN,NaN,
2026-03-26,NaN,NaN,NaN,,,NaN,NaN,NaN,NaN,NaN,
2026-03-27,NaN,NaN,NaN,,,NaN,NaN,NaN,NaN,NaN,
2026-03-28,NaN,NaN,NaN,,,NaN,NaN,NaN,NaN,NaN,
2026-03-01,NaN,NaN,NaN,,,NaN,NaN,NaN,NaN,NaN,
2026-03-02,NaN,NaN,NaN,,,NaN,NaN,NaN,NaN,20,
2026-03-03,NaN,NaN,NaN,,,NaN,NaN,NaN,NaN,NaN,
2026-03-04,NaN,NaN,NaN,,,NaN,NaN,NaN,NaN,NaN,
2026-03-05,NaN,NaN,NaN,,,NaN,NaN,NaN,NaN,NaN,
2026-03-06,NaN,NaN,NaN,,,NaN,NaN,NaN,NaN,NaN,
2026-03-07,NaN,NaN,NaN,,,NaN,NaN,NaN,NaN,NaN,
2026-03-08,NaN,NaN,NaN,,,NaN,NaN,NaN,NaN,NaN,
2026-03-09,NaN,NaN,NaN,,,NaN,NaN,NaN,NaN,NaN,
2026-03-10,NaN,NaN,NaN,,,NaN,NaN,NaN,NaN,NaN,
2026-03-11,NaN,NaN,NaN,,,NaN,NaN,NaN,NaN,NaN,
2026-03-12,NaN,NaN,NaN,,,NaN,NaN,NaN,NaN,NaN,
2026-03-13,NaN,NaN,NaN,,,NaN,NaN,NaN,NaN,NaN,
2026-03-14,NaN,NaN,NaN,,,NaN,-1,NaN,NaN,NaN,
2026-03-15,NaN,NaN,NaN,,,NaN,NaN,NaN,NaN,NaN,
2026-03-16,NaN,NaN,NaN,,,NaN,NaN,NaN,NaN,NaN,
2026-03-17,NaN,NaN,NaN,,,NaN,NaN,NaN,NaN,NaN,
2026-03-18,NaN,NaN,NaN,,,NaN,NaN,NaN,NaN,NaN,
2026-03-19,NaN,NaN,NaN,,,NaN,NaN,NaN,NaN,NaN,
2026-03-20,NaN,NaN,NaN,,,NaN,NaN,NaN,NaN,NaN,
2026-03-21,NaN,NaN,NaN,,,NaN,NaN,NaN,NaN,NaN,
2026-03-22,NaN,NaN,NaN,,,NaN,NaN,NaN,NaN,NaN,
2026-03-23,NaN,NaN,NaN,,,NaN,NaN,NaN,NaN,NaN,
2026-03-24,NaN,NaN,NaN,,,NaN,NaN,NaN,NaN,NaN,
2026-03-25,NaN,NaN,NaN,,,NaN,NaN,NaN,NaN,NaN,
2026-03-26,NaN,NaN,NaN,,,NaN,NaN,NaN,NaN,NaN,
2026-03-27,NaN,NaN,NaN,,,NaN,NaN,NaN,NaN,NaN,
2026-03-28,NaN,NaN,NaN,,,NaN,NaN,NaN,NaN,NaN,
2026-03-01,NaN,NaN,NaN,,,NaN,NaN,NaN,NaN,NaN,
2026-03-02,NaN,NaN,NaN,,,NaN,NaN,NaN,NaN,NaN,
2026-03-03,NaN,NaN,NaN,,,NaN,NaN,NaN,NaN,20,
2026-03-04,NaN,NaN,NaN,,,NaN,NaN,NaN,NaN,NaN,
2026-03-05,NaN,NaN,NaN,,,NaN,NaN,NaN,NaN,NaN,
2026-03-06,,NaN,NaN,,,NaN,NaN,NaN,NaN,NaN,
2026-03-07,NaN,NaN,NaN,,,NaN,NaN,NaN,NaN,NaN,
2026-03-08,NaN,NaN,NaN,,,NaN,NaN,NaN,NaN,NaN,
2026-03-09,NaN,NaN,NaN,,,NaN,NaN,NaN,NaN,NaN,
2026-03-10,NaN,NaN,NaN,,,NaN,NaN,NaN,NaN,NaN,
2026-03-11,NaN,NaN,NaN,,,NaN,NaN,NaN,NaN,NaN,
2026-03-12,NaN,NaN,NaN,,,NaN,NaN,NaN,NaN,NaN,
2026-03-13,NaN,NaN,NaN,,,NaN,NaN,NaN,NaN,NaN,
2026-03-14,NaN,NaN,NaN,,,NaN,NaN,NaN,NaN,NaN,
2026-03-15,NaN,NaN,NaN,,,NaN,NaN,NaN,NaN,NaN,
2026-03-16,NaN,NaN,NaN,,,NaN,NaN,NaN,NaN,NaN,
2026-03-17,NaN,NaN,NaN,,,NaN,NaN,NaN,NaN,NaN,
2026-03-18,NaN,NaN,NaN,,,NaN,NaN,NaN,NaN,NaN,
2026-03-19,NaN,NaN,NaN,,,NaN,NaN,NaN,NaN,NaN,
2026-03-20,NaN,NaN,NaN,,,NaN,NaN,NaN,NaN,NaN,
2026-03-21,NaN,NaN,NaN,,,NaN,NaN,NaN,NaN,NaN,
2026-03-22,NaN,NaN,NaN,,,NaN,NaN,NaN,NaN,NaN,
2026-03-23,NaN,NaN,NaN,,,NaN,NaN,NaN,NaN,NaN,
2026-03-24,NaN,NaN,NaN,,,NaN,NaN,NaN,NaN,NaN,
2026-03-25,NaN,NaN,NaN,,,NaN,NaN,NaN,NaN,NaN,
2026-03-26,NaN,NaN,NaN,,,NaN,NaN,NaN,NaN,NaN,
2026-03-27,NaN,NaN,NaN,,,NaN,-1,NaN,NaN,NaN,
2026-03-28,NaN,NaN,NaN,,,NaN,NaN,NaN,NaN,NaN,
2026-03-01,NaN,NaN,NaN,,,NaN,NaN,NaN,NaN,NaN,
2026-03-02,NaN,NaN,NaN,,,NaN,NaN,NaN,NaN,NaN,
2026-03-03,NaN,NaN,NaN,,,NaN,NaN,NaN,NaN,NaN,
2026-03-04,NaN,NaN,NaN,,,NaN,NaN,NaN,NaN,20,
2026-03-05,NaN,NaN,NaN,,,NaN,NaN,NaN,NaN,NaN,
2026-03-06,NaN,NaN,NaN,,,NaN,NaN,NaN,NaN,NaN,
2026-03-07,NaN,NaN,NaN,,,NaN,NaN,NaN,NaN,NaN,
2026-03-08,NaN,NaN,NaN,,,NaN,NaN,NaN,NaN,NaN,
2026-03-09,NaN,NaN,NaN,,,NaN,NaN,NaN,NaN,NaN,
2026-03-10,NaN,NaN,NaN,,,NaN,NaN,NaN,NaN,NaN,
2026-03-11,NaN,NaN,NaN,,,NaN,NaN,NaN,NaN,NaN,
2026-03-12,NaN,NaN,NaN,,,NaN,NaN,NaN,NaN,NaN,
2026-03-13,NaN,NaN,NaN,,,NaN,NaN,NaN,NaN,NaN,
2026-03-14,NaN,NaN,NaN,,,NaN,NaN,NaN,NaN,NaN,
2026-03-15,NaN,NaN,NaN,,,NaN,NaN,NaN,NaN,NaN,
2026-03-16,NaN,NaN,NaN,,,NaN,NaN,NaN,NaN,NaN,
2026-03-17,NaN,NaN,NaN,,,NaN,NaN,NaN,NaN,NaN,
2026-03-18,NaN,NaN,NaN,,,NaN,NaN,NaN,NaN,NaN,
2026-03-19,NaN,NaN,NaN,,,NaN,NaN,NaN,NaN,NaN,
2026-03-20,NaN,NaN,NaN,,,NaN,NaN,NaN,NaN,NaN,
2026-03-21,NaN,NaN,NaN,,,NaN,NaN,NaN,NaN,NaN,
2026-03-22,NaN,NaN,NaN,,,NaN,NaN,NaN,NaN,NaN,
2026-03-23,NaN,NaN,NaN,,,NaN,NaN,NaN,NaN,NaN,
2026-03-24,NaN,NaN,NaN,,,NaN,NaN,NaN,NaN,NaN,
2026-03-25,NaN,NaN,NaN,,,NaN,NaN,NaN,NaN,NaN,
2026-03-26,NaN,NaN,NaN,,,NaN,NaN,NaN,NaN,NaN,
2026-03-27,NaN,NaN,NaN,,,NaN,NaN,NaN,NaN,NaN,
2026-03-28,NaN,NaN,NaN,,,NaN,NaN,NaN,NaN,NaN,
2026-03-01,NaN,NaN,NaN,,,NaN,NaN,NaN,NaN,NaN,
2026-03-02,NaN,NaN,NaN,,,NaN,NaN,NaN,NaN,NaN,
2026-03-03,NaN,NaN,NaN,,,NaN,NaN,NaN,NaN,NaN,
2026-03-04,NaN,NaN,NaN,,,NaN,NaN,NaN,NaN,NaN,
2026-03-05,NaN,NaN,NaN,,,NaN,NaN,NaN,NaN,20,
2026-03-06,NaN,NaN,NaN,,,NaN,NaN,NaN,NaN,NaN,
2026-03-07,NaN,NaN,NaN,,,NaN,NaN,NaN,NaN,NaN,
2026-03-08,NaN,NaN,NaN,,,NaN,NaN,NaN,NaN,NaN,
2026-03-09,NaN,NaN,NaN,,,NaN,NaN,NaN,NaN,NaN,
2026-03-10,NaN,NaN,NaN,,,NaN,NaN,NaN,NaN,NaN,
2026-03-11,,NaN,NaN,,,NaN,NaN,NaN,NaN,NaN,
2026-03-12,NaN,NaN,NaN,,,NaN,-1,NaN,NaN,NaN,
2026-03-13,NaN,NaN,NaN,,,NaN,NaN,NaN,NaN,NaN,
2026-03-14,NaN,NaN,NaN,,,NaN,NaN,NaN,NaN,NaN,
2026-03-15,NaN,NaN,NaN,,,NaN,NaN,NaN,NaN,NaN,
2026-03-16,NaN,NaN,NaN,,,NaN,NaN,NaN,NaN,NaN,
2026-03-17,NaN,NaN,NaN,,,NaN,NaN,NaN,NaN,NaN,
2026-03-18,NaN,NaN,NaN,,,NaN,NaN,NaN,NaN,NaN,
2026-03-19,NaN,NaN,NaN,,,NaN,NaN,NaN,NaN,NaN,
2026-03-20,NaN,NaN,NaN,,,NaN,NaN,NaN,NaN,NaN,
2026-03-21,NaN,NaN,NaN,,,NaN,NaN,NaN,NaN,NaN,
2026-03-22,NaN,NaN,NaN,,,NaN,NaN,NaN,NaN,NaN,
2026-03-23,NaN,NaN,NaN,,,NaN,NaN,NaN,NaN,NaN,
2026-03-24,NaN,NaN,NaN,,,NaN,NaN,NaN,NaN,NaN,
2026-03-25,NaN,NaN,NaN,,,NaN,NaN,NaN,NaN,NaN,
2026-03-26,NaN,NaN,NaN,,,NaN,NaN,NaN,NaN,NaN,
2026-03-27,NaN,NaN,NaN,,,NaN,NaN,NaN,NaN,NaN,
2026-03-28,NaN,NaN,NaN,,,NaN,NaN,NaN,NaN,NaN,
2026-03-01,NaN,NaN,NaN,,,NaN,NaN,NaN,NaN,NaN,
2026-03-02,NaN,NaN,NaN,,,NaN,NaN,NaN,NaN,NaN,
2026-03-03,NaN,NaN,NaN,,,NaN,NaN,NaN,NaN,NaN,
2026-03-04,NaN,NaN,NaN,,,NaN,NaN,NaN,NaN,NaN,
2026-03-05,NaN,NaN,NaN,,,NaN,NaN,NaN,NaN,NaN,
2026-03-06,NaN,NaN,NaN,,,NaN,NaN,NaN,NaN,20,
2026-03-07,NaN,NaN,NaN,,,NaN,NaN,NaN,NaN,NaN,
2026-03-08,NaN,NaN,NaN,,,NaN,NaN,NaN,NaN,NaN,
2026-03-09,NaN,NaN,NaN,,,NaN,NaN,NaN,NaN,NaN,
2026-03-10,NaN,NaN,NaN,,,NaN,NaN,NaN,NaN,NaN,
2026-03-11,NaN,NaN,NaN,,,NaN,NaN,NaN,NaN,NaN,
2026-03-12,NaN,NaN,NaN,,,NaN,NaN,NaN,NaN,NaN,
2026-03-13,NaN,NaN,NaN,,,NaN,NaN,NaN,NaN,NaN,
2026-03-14,NaN,NaN,NaN,,,NaN,NaN,NaN,NaN,NaN,
2026-03-15,NaN,NaN,NaN,,,NaN,NaN,NaN,NaN,NaN,
2026-03-16,NaN,NaN,NaN,,,NaN,NaN,NaN,NaN,NaN,
2026-03-17,NaN,NaN,NaN,,,NaN,NaN,NaN,NaN,NaN,
2026-03-18,NaN,NaN,NaN,,,NaN,NaN,NaN,NaN,NaN,
2026-03-19,NaN,NaN,NaN,,,NaN,NaN,NaN,NaN,NaN,
2026-03-20,NaN,NaN,NaN,,,NaN,NaN,NaN,NaN,NaN,
2026-03-21,NaN,NaN,NaN,,,NaN,NaN,NaN,NaN,NaN,
2026-03-22,NaN,NaN,NaN,,,NaN,NaN,NaN,NaN,NaN,
2026-03-23,NaN,NaN,NaN,,,NaN,NaN,NaN,NaN,NaN,
2026-03-24,NaN,NaN,NaN,,,NaN,NaN,NaN,NaN,NaN,
2026-03-25,NaN,NaN,NaN,,,NaN,-1,NaN,NaN,NaN,
2026-03-26,NaN,NaN,NaN,,,NaN,NaN,NaN,NaN,NaN,
2026-03-27,NaN,NaN,NaN,,,NaN,NaN,NaN,NaN,NaN,
2026-03-28,NaN,NaN,NaN,,,NaN,NaN,NaN,NaN,NaN,
2026-03-01,NaN,NaN,NaN,,,NaN,NaN,NaN,NaN,NaN,
2026-03-02,NaN,NaN,NaN,,,NaN,NaN,NaN,NaN,NaN,
2026-03-03,NaN,NaN,NaN,,,NaN,NaN,NaN,NaN,NaN,
2026-03-04,NaN,NaN,NaN,,,NaN,NaN,NaN,NaN,NaN,
2026-03-05,NaN,NaN,NaN,,,NaN,NaN,NaN,NaN,NaN,
2026-03-06,NaN,NaN,NaN,,,NaN,NaN,NaN,NaN,NaN,
2026-03-07,NaN,NaN,NaN,,,NaN,NaN,NaN,NaN,20,
2026-03-08,NaN,NaN,NaN,,,NaN,NaN,NaN,NaN,NaN,
2026-03-09,NaN,NaN,NaN,,,NaN,NaN,NaN,NaN,NaN,
2026-03-10,NaN,NaN,NaN,,,NaN,NaN,NaN,NaN,NaN,
2026-03-11,NaN,NaN,NaN,,,NaN,NaN,NaN,NaN,NaN,
2026-03-12,NaN,NaN,NaN,,,NaN,NaN,NaN,NaN,NaN,
2026-03-13,NaN,NaN,NaN,,,NaN,NaN,NaN,NaN,NaN,
2026-03-14,NaN,NaN,NaN,,,NaN,NaN,NaN,NaN,NaN,
2026-03-15,NaN,NaN,NaN,,,NaN,NaN,NaN,NaN,NaN,
2026-03-16,,NaN,NaN,,,NaN,NaN,NaN,NaN,NaN,
2026-03-17,NaN,NaN,NaN,,,NaN,NaN,NaN,NaN,NaN,
2026-03-18,NaN,NaN,NaN,,,NaN,NaN,NaN,NaN,NaN,
2026-03-19,NaN,NaN,NaN,,,NaN,NaN,NaN,NaN,NaN,
2026-03-20,NaN,NaN,NaN,,,NaN,NaN,NaN,NaN,NaN,
2026-03-21,NaN,NaN,NaN,,,NaN,NaN,NaN,NaN,NaN,
2026-03-22,NaN,NaN,NaN,,,NaN,NaN,NaN,NaN,NaN,
2026-03-23,NaN,NaN,NaN,,,NaN,NaN,NaN,NaN,NaN,
2026-03-24,NaN,NaN,NaN,,,NaN,NaN,NaN,NaN,NaN,
2026-03-25,NaN,NaN,NaN,,,NaN,NaN,NaN,NaN,NaN,
2026-03-26,NaN,NaN,NaN,,,NaN,NaN,NaN,NaN,NaN,
2026-03-27,NaN,NaN,NaN,,,NaN,NaN,NaN,NaN,NaN,
2026-03-28,NaN,NaN,NaN,,,NaN,NaN,NaN,NaN,NaN,
2026-03-01,NaN,NaN,NaN,,,NaN,NaN,NaN,NaN,NaN,
2026-03-02,NaN,NaN,NaN,,,NaN,NaN,NaN,NaN,NaN,
2026-03-03,NaN,NaN,NaN,,,NaN,NaN,NaN,NaN,NaN,
2026-03-04,NaN,NaN,NaN,,,NaN,NaN,NaN,NaN,NaN,
2026-03-05,NaN,NaN,NaN,,,NaN,NaN,NaN,NaN,NaN,
2026-03-06,NaN,NaN,NaN,,,NaN,NaN,NaN,NaN,NaN,
2026-03-07,NaN,NaN,NaN,,,NaN,NaN,NaN,NaN,NaN,
2026-03-08,NaN,NaN,NaN,,,NaN,NaN,NaN,NaN,20,
2026-03-09,NaN,NaN,NaN,,,NaN,NaN,NaN,NaN,NaN,
2026-03-10,NaN,NaN,NaN,,,NaN,-1,NaN,NaN,NaN,
2026-03-11,NaN,NaN,NaN,,,NaN,NaN,NaN,NaN,NaN,
2026-03-12,NaN,NaN,NaN,,,NaN,NaN,NaN,NaN,NaN,
2026-03-13,NaN,NaN,NaN,,,NaN,NaN,NaN,NaN,NaN,
2026-03-14,NaN,NaN,NaN,,,NaN,NaN,NaN,NaN,NaN,
2026-03-15,NaN,NaN,NaN,,,NaN,NaN,NaN,NaN,NaN,
2026-03-16,NaN,NaN,NaN,,,NaN,NaN,NaN,NaN,NaN,
2026-03-17,NaN,NaN,NaN,,,NaN,NaN,NaN,NaN,NaN,
2026-03-18,NaN,NaN,NaN,,,NaN,NaN,NaN,NaN,NaN,
2026-03-19,NaN,NaN,NaN,,,NaN,NaN,NaN,NaN,NaN,
2026-03-20,NaN,NaN,NaN,,,NaN,NaN,NaN,NaN,NaN,
2026-03-21,NaN,NaN,NaN,,,NaN,NaN,NaN,NaN,NaN,
2026-03-22,NaN,NaN,NaN,,,NaN,NaN,NaN,NaN,NaN,
2026-03-23,NaN,NaN,NaN,,,NaN,NaN,NaN,NaN,NaN,
2026-03-24,NaN,NaN,NaN,,,NaN,NaN,NaN,NaN,NaN,
