height,weight,age,species,score,group
12.4,3.1,2,setosa,88,A
11.8,2.9,3,setosa,84,A
14.2,3.4,4,versicolor,91,B
13.5,3.0,5,versicolor,87,B
15.1,3.8,6,virginica,93,C
14.8,3.6,7,virginica,90,C
12.9,3.2,3,setosa,85,A
13.9,3.3,4,versicolor,89,B
15.6,3.9,8,virginica,95,C
11.5,2.8,2,setosa,82,A
13.1,3.1,5,versicolor,86,B
14.4,3.5,6,virginica,92,C
12.2,3.0,2,setosa,83,A
13.7,3.2,4,versicolor,88,B
15.0,3.7,7,virginica,94,C
12.7,3.1,3,setosa,86,A
14.0,3.4,5,versicolor,90,B
15.3,3.8,8,virginica,96,C
11.9,2.9,2,setosa,81,A
13.4,3.2,4,versicolor,87,B
